Classification,Year,Period,Period Desc.,Aggregate Level,Is Leaf Code,Trade Flow Code,Trade Flow,Reporter Code,Reporter,Reporter ISO,Partner Code,Partner,Partner ISO,2nd Partner Code,2nd Partner,2nd Partner ISO,Customs Proc. Code,Customs,Mode of Transport Code,Mode of Transport,Commodity Code,Commodity,Qty Unit Code,Qty Unit,Qty,Alt Qty Unit Code,Alt Qty Unit,Alt Qty,Netweight (kg),Gross weight (kg),Trade Value (US$),CIF Trade Value (US$),FOB Trade Value (US$),Flag
H5,2020,2020,2020,4,0,1,Import,392,Japan,JPN,0,World,WLD,,,,,,,,2504,Graphite; natural,8,Weight in kilograms,42800613,,,,42800613,,66185729,,,6
H5,2020,2020,2020,4,0,1,Import,392,Japan,JPN,76,Brazil,BRA,,,,,,,,2504,Graphite; natural,8,Weight in kilograms,548000,,,,548000,,920052,,,0
H5,2020,2020,2020,4,0,1,Import,392,Japan,JPN,124,Canada,CAN,,,,,,,,2504,Graphite; natural,8,Weight in kilograms,160000,,,,160000,,421571,,,0
H5,2020,2020,2020,4,0,1,Import,392,Japan,JPN,144,Sri Lanka,LKA,,,,,,,,2504,Graphite; natural,8,Weight in kilograms,845000,,,,845000,,1336687,,,0
H5,2020,2020,2020,4,0,1,Import,392,Japan,JPN,156,China,CHN,,,,,,,,2504,Graphite; natural,8,Weight in kilograms,39825000,,,,39825000,,60618547,,,0
H5,2020,2020,2020,4,0,1,Import,392,Japan,JPN,251,France,FRA,,,,,,,,2504,Graphite; natural,8,Weight in kilograms,1854,,,,1854,,3353,,,6
H5,2020,2020,2020,4,0,1,Import,392,Japan,JPN,276,Germany,DEU,,,,,,,,2504,Graphite; natural,8,Weight in kilograms,54000,,,,54000,,317452,,,0
H5,2020,2020,2020,4,0,1,Import,392,Japan,JPN,450,Madagascar,MDG,,,,,,,,2504,Graphite; natural,8,Weight in kilograms,544000,,,,544000,,365840,,,0
H5,2020,2020,2020,4,0,1,Import,392,Japan,JPN,579,Norway,NOR,,,,,,,,2504,Graphite; natural,8,Weight in kilograms,180000,,,,180000,,212256,,,0
H5,2020,2020,2020,4,0,1,Import,392,Japan,JPN,616,Poland,POL,,,,,,,,2504,Graphite; natural,8,Weight in kilograms,7082,,,,7082,,2903,,,6
H5,2020,2020,2020,4,0,1,Import,392,Japan,JPN,643,Russia,RUS,,,,,,,,2504,Graphite; natural,8,Weight in kilograms,96000,,,,96000,,60929,,,0
H5,2020,2020,2020,4,0,1,Import,392,Japan,JPN,752,Sweden,SWE,,,,,,,,2504,Graphite; natural,8,Weight in kilograms,14745,,,,14745,,26666,,,6
H5,2020,2020,2020,4,0,1,Import,392,Japan,JPN,792,Turkey,TUR,,,,,,,,2504,Graphite; natural,8,Weight in kilograms,120000,,,,120000,,83147,,,0
H5,2020,2020,2020,4,0,1,Import,392,Japan,JPN,804,Ukraine,UKR,,,,,,,,2504,Graphite; natural,8,Weight in kilograms,60000,,,,60000,,50673,,,0
H5,2020,2020,2020,4,0,1,Import,392,Japan,JPN,826,United Kingdom,GBR,,,,,,,,2504,Graphite; natural,8,Weight in kilograms,1931,,,,1931,,3493,,,6
H5,2020,2020,2020,4,0,1,Import,392,Japan,JPN,842,USA,USA,,,,,,,,2504,Graphite; natural,8,Weight in kilograms,343000,,,,343000,,1762155,,,0
H5,2020,2020,2020,4,0,1,Import,392,Japan,JPN,0,World,WLD,,,,,,,,2601,Iron ores and concentrates; including roasted iron pyrites,8,Weight in kilograms,99436876887,,,,99436876887,,9655050727,,,6
H5,2020,2020,2020,4,0,1,Import,392,Japan,JPN,36,Australia,AUS,,,,,,,,2601,Iron ores and concentrates; including roasted iron pyrites,8,Weight in kilograms,57607626000,,,,57607626000,,5041673200,,,0
H5,2020,2020,2020,4,0,1,Import,392,Japan,JPN,76,Brazil,BRA,,,,,,,,2601,Iron ores and concentrates; including roasted iron pyrites,8,Weight in kilograms,26736230000,,,,26736230000,,2858878739,,,0
H5,2020,2020,2020,4,0,1,Import,392,Japan,JPN,124,Canada,CAN,,,,,,,,2601,Iron ores and concentrates; including roasted iron pyrites,8,Weight in kilograms,5967350000,,,,5967350000,,691591735,,,0
H5,2020,2020,2020,4,0,1,Import,392,Japan,JPN,152,Chile,CHL,,,,,,,,2601,Iron ores and concentrates; including roasted iron pyrites,8,Weight in kilograms,305018000,,,,305018000,,36735625,,,0
H5,2020,2020,2020,4,0,1,Import,392,Japan,JPN,156,China,CHN,,,,,,,,2601,Iron ores and concentrates; including roasted iron pyrites,8,Weight in kilograms,397520000,,,,397520000,,58265800,,,0
H5,2020,2020,2020,4,0,1,Import,392,Japan,JPN,410,South Korea,KOR,,,,,,,,2601,Iron ores and concentrates; including roasted iron pyrites,8,Weight in kilograms,38000,,,,38000,,4711,,,0
H5,2020,2020,2020,4,0,1,Import,392,Japan,JPN,478,Mauritania,MRT,,,,,,,,2601,Iron ores and concentrates; including roasted iron pyrites,8,Weight in kilograms,603280000,,,,603280000,,67463276,,,0
H5,2020,2020,2020,4,0,1,Import,392,Japan,JPN,554,New Zealand,NZL,,,,,,,,2601,Iron ores and concentrates; including roasted iron pyrites,8,Weight in kilograms,83009000,,,,83009000,,5836219,,,0
H5,2020,2020,2020,4,0,1,Import,392,Japan,JPN,604,Peru,PER,,,,,,,,2601,Iron ores and concentrates; including roasted iron pyrites,8,Weight in kilograms,600128000,,,,600128000,,67224709,,,0
H5,2020,2020,2020,4,0,1,Import,392,Japan,JPN,643,Russia,RUS,,,,,,,,2601,Iron ores and concentrates; including roasted iron pyrites,8,Weight in kilograms,487955000,,,,487955000,,66716422,,,0
H5,2020,2020,2020,4,0,1,Import,392,Japan,JPN,699,India,IND,,,,,,,,2601,Iron ores and concentrates; including roasted iron pyrites,8,Weight in kilograms,1865300000,,,,1865300000,,195569744,,,0
H5,2020,2020,2020,4,0,1,Import,392,Japan,JPN,710,South Africa,ZAF,,,,,,,,2601,Iron ores and concentrates; including roasted iron pyrites,8,Weight in kilograms,3111360000,,,,3111360000,,347514070,,,0
H5,2020,2020,2020,4,0,1,Import,392,Japan,JPN,752,Sweden,SWE,,,,,,,,2601,Iron ores and concentrates; including roasted iron pyrites,8,Weight in kilograms,36000,,,,36000,,15211,,,0
H5,2020,2020,2020,4,0,1,Import,392,Japan,JPN,804,Ukraine,UKR,,,,,,,,2601,Iron ores and concentrates; including roasted iron pyrites,8,Weight in kilograms,365261000,,,,365261000,,46734422,,,0
H5,2020,2020,2020,4,0,1,Import,392,Japan,JPN,842,USA,USA,,,,,,,,2601,Iron ores and concentrates; including roasted iron pyrites,8,Weight in kilograms,1306590000,,,,1306590000,,170810390,,,0
H5,2020,2020,2020,4,0,1,Import,392,Japan,JPN,858,Uruguay,URY,,,,,,,,2601,Iron ores and concentrates; including roasted iron pyrites,8,Weight in kilograms,175887,,,,175887,,16447,,,6
H5,2020,2020,2020,4,0,1,Import,392,Japan,JPN,0,World,WLD,,,,,,,,2602,"Manganese ores and concentrates, including ferruginous manganese ores and concentrates with a manganese content of 20% or more, calculated on the dry weight",8,Weight in kilograms,794574000,,,,794574000,,162326105,,,0
H5,2020,2020,2020,4,0,1,Import,392,Japan,JPN,36,Australia,AUS,,,,,,,,2602,"Manganese ores and concentrates, including ferruginous manganese ores and concentrates with a manganese content of 20% or more, calculated on the dry weight",8,Weight in kilograms,212310000,,,,212310000,,40856812,,,0
H5,2020,2020,2020,4,0,1,Import,392,Japan,JPN,76,Brazil,BRA,,,,,,,,2602,"Manganese ores and concentrates, including ferruginous manganese ores and concentrates with a manganese content of 20% or more, calculated on the dry weight",8,Weight in kilograms,162000,,,,162000,,122140,,,0
H5,2020,2020,2020,4,0,1,Import,392,Japan,JPN,156,China,CHN,,,,,,,,2602,"Manganese ores and concentrates, including ferruginous manganese ores and concentrates with a manganese content of 20% or more, calculated on the dry weight",8,Weight in kilograms,88000,,,,88000,,60049,,,0
H5,2020,2020,2020,4,0,1,Import,392,Japan,JPN,266,Gabon,GAB,,,,,,,,2602,"Manganese ores and concentrates, including ferruginous manganese ores and concentrates with a manganese content of 20% or more, calculated on the dry weight",8,Weight in kilograms,62142000,,,,62142000,,12116826,,,0
H5,2020,2020,2020,4,0,1,Import,392,Japan,JPN,384,Ivory Coast,CIV,,,,,,,,2602,"Manganese ores and concentrates, including ferruginous manganese ores and concentrates with a manganese content of 20% or more, calculated on the dry weight",8,Weight in kilograms,48000,,,,48000,,32651,,,0
H5,2020,2020,2020,4,0,1,Import,392,Japan,JPN,528,Netherlands,NLD,,,,,,,,2602,"Manganese ores and concentrates, including ferruginous manganese ores and concentrates with a manganese content of 20% or more, calculated on the dry weight",8,Weight in kilograms,21000,,,,21000,,15567,,,0
H5,2020,2020,2020,4,0,1,Import,392,Japan,JPN,699,India,IND,,,,,,,,2602,"Manganese ores and concentrates, including ferruginous manganese ores and concentrates with a manganese content of 20% or more, calculated on the dry weight",8,Weight in kilograms,47000,,,,47000,,22760,,,0
H5,2020,2020,2020,4,0,1,Import,392,Japan,JPN,710,South Africa,ZAF,,,,,,,,2602,"Manganese ores and concentrates, including ferruginous manganese ores and concentrates with a manganese content of 20% or more, calculated on the dry weight",8,Weight in kilograms,519546000,,,,519546000,,109036080,,,0
H5,2020,2020,2020,4,0,1,Import,392,Japan,JPN,894,Zambia,ZMB,,,,,,,,2602,"Manganese ores and concentrates, including ferruginous manganese ores and concentrates with a manganese content of 20% or more, calculated on the dry weight",8,Weight in kilograms,210000,,,,210000,,63215,,,0
H5,2020,2020,2020,4,0,1,Import,392,Japan,JPN,0,World,WLD,,,,,,,,2603,Copper ores and concentrates,8,Weight in kilograms,5228678844,,,,5228678844,,9798051758,,,6
H5,2020,2020,2020,4,0,1,Import,392,Japan,JPN,36,Australia,AUS,,,,,,,,2603,Copper ores and concentrates,8,Weight in kilograms,497235000,,,,497235000,,1909164230,,,0
H5,2020,2020,2020,4,0,1,Import,392,Japan,JPN,124,Canada,CAN,,,,,,,,2603,Copper ores and concentrates,8,Weight in kilograms,494986000,,,,494986000,,896380939,,,0
H5,2020,2020,2020,4,0,1,Import,392,Japan,JPN,152,Chile,CHL,,,,,,,,2603,Copper ores and concentrates,8,Weight in kilograms,2403460000,,,,2403460000,,3726523411,,,0
H5,2020,2020,2020,4,0,1,Import,392,Japan,JPN,180,Democratic Republic of the Congo,COD,,,,,,,,2603,Copper ores and concentrates,8,Weight in kilograms,1844,,,,1844,,3456,,,6
H5,2020,2020,2020,4,0,1,Import,392,Japan,JPN,360,Indonesia,IDN,,,,,,,,2603,Copper ores and concentrates,8,Weight in kilograms,296115000,,,,296115000,,581349022,,,0
H5,2020,2020,2020,4,0,1,Import,392,Japan,JPN,484,Mexico,MEX,,,,,,,,2603,Copper ores and concentrates,8,Weight in kilograms,20538000,,,,20538000,,28040095,,,0
H5,2020,2020,2020,4,0,1,Import,392,Japan,JPN,490,Other Asia,,,,,,,,,2603,Copper ores and concentrates,8,Weight in kilograms,40755000,,,,40755000,,128715567,,,0
H5,2020,2020,2020,4,0,1,Import,392,Japan,JPN,591,Panama,PAN,,,,,,,,2603,Copper ores and concentrates,8,Weight in kilograms,94874000,,,,94874000,,141704592,,,0
H5,2020,2020,2020,4,0,1,Import,392,Japan,JPN,598,Papua New Guinea,PNG,,,,,,,,2603,Copper ores and concentrates,8,Weight in kilograms,200110000,,,,200110000,,507656720,,,0
H5,2020,2020,2020,4,0,1,Import,392,Japan,JPN,604,Peru,PER,,,,,,,,2603,Copper ores and concentrates,8,Weight in kilograms,745557000,,,,745557000,,1152812715,,,0
H5,2020,2020,2020,4,0,1,Import,392,Japan,JPN,608,Philippines,PHL,,,,,,,,2603,Copper ores and concentrates,8,Weight in kilograms,105126000,,,,105126000,,238584675,,,0
H5,2020,2020,2020,4,0,1,Import,392,Japan,JPN,682,Saudi Arabia,SAU,,,,,,,,2603,Copper ores and concentrates,8,Weight in kilograms,68638000,,,,68638000,,102866186,,,0
H5,2020,2020,2020,4,0,1,Import,392,Japan,JPN,842,USA,USA,,,,,,,,2603,Copper ores and concentrates,8,Weight in kilograms,261283000,,,,261283000,,384250145,,,0
H5,2020,2020,2020,4,0,1,Import,392,Japan,JPN,0,World,WLD,,,,,,,,2606,Aluminium ores and concentrates,8,Weight in kilograms,35422000,,,,35422000,,14511067,,,0
H5,2020,2020,2020,4,0,1,Import,392,Japan,JPN,156,China,CHN,,,,,,,,2606,Aluminium ores and concentrates,8,Weight in kilograms,28376000,,,,28376000,,10229515,,,0
H5,2020,2020,2020,4,0,1,Import,392,Japan,JPN,328,Guyana,GUY,,,,,,,,2606,Aluminium ores and concentrates,8,Weight in kilograms,7006000,,,,7006000,,4263831,,,0
H5,2020,2020,2020,4,0,1,Import,392,Japan,JPN,699,India,IND,,,,,,,,2606,Aluminium ores and concentrates,8,Weight in kilograms,20000,,,,20000,,8364,,,0
H5,2020,2020,2020,4,0,1,Import,392,Japan,JPN,724,Spain,ESP,,,,,,,,2606,Aluminium ores and concentrates,8,Weight in kilograms,20000,,,,20000,,9357,,,0
H5,2020,2020,2020,4,0,1,Import,392,Japan,JPN,0,World,WLD,,,,,,,,2607,Lead ores and concentrates,8,Weight in kilograms,119872000,,,,119872000,,265361405,,,0
H5,2020,2020,2020,4,0,1,Import,392,Japan,JPN,36,Australia,AUS,,,,,,,,2607,Lead ores and concentrates,8,Weight in kilograms,37603000,,,,37603000,,78384205,,,0
H5,2020,2020,2020,4,0,1,Import,392,Japan,JPN,68,Bolivia,BOL,,,,,,,,2607,Lead ores and concentrates,8,Weight in kilograms,15912000,,,,15912000,,38213635,,,0
H5,2020,2020,2020,4,0,1,Import,392,Japan,JPN,76,Brazil,BRA,,,,,,,,2607,Lead ores and concentrates,8,Weight in kilograms,2569000,,,,2569000,,3438831,,,0
H5,2020,2020,2020,4,0,1,Import,392,Japan,JPN,484,Mexico,MEX,,,,,,,,2607,Lead ores and concentrates,8,Weight in kilograms,10559000,,,,10559000,,75687320,,,0
H5,2020,2020,2020,4,0,1,Import,392,Japan,JPN,604,Peru,PER,,,,,,,,2607,Lead ores and concentrates,8,Weight in kilograms,6440000,,,,6440000,,14253748,,,0
H5,2020,2020,2020,4,0,1,Import,392,Japan,JPN,643,Russia,RUS,,,,,,,,2607,Lead ores and concentrates,8,Weight in kilograms,8492000,,,,8492000,,15693290,,,0
H5,2020,2020,2020,4,0,1,Import,392,Japan,JPN,842,USA,USA,,,,,,,,2607,Lead ores and concentrates,8,Weight in kilograms,38297000,,,,38297000,,39690372,,,0
H5,2020,2020,2020,4,0,1,Import,392,Japan,JPN,0,World,WLD,,,,,,,,2608,Zinc ores and concentrates,8,Weight in kilograms,726117000,,,,726117000,,543317660,,,0
H5,2020,2020,2020,4,0,1,Import,392,Japan,JPN,36,Australia,AUS,,,,,,,,2608,Zinc ores and concentrates,8,Weight in kilograms,136223000,,,,136223000,,89404541,,,0
H5,2020,2020,2020,4,0,1,Import,392,Japan,JPN,40,Austria,AUT,,,,,,,,2608,Zinc ores and concentrates,8,Weight in kilograms,51000,,,,51000,,216012,,,0
H5,2020,2020,2020,4,0,1,Import,392,Japan,JPN,68,Bolivia,BOL,,,,,,,,2608,Zinc ores and concentrates,8,Weight in kilograms,180932000,,,,180932000,,152782683,,,0
H5,2020,2020,2020,4,0,1,Import,392,Japan,JPN,484,Mexico,MEX,,,,,,,,2608,Zinc ores and concentrates,8,Weight in kilograms,121181000,,,,121181000,,93727541,,,0
H5,2020,2020,2020,4,0,1,Import,392,Japan,JPN,604,Peru,PER,,,,,,,,2608,Zinc ores and concentrates,8,Weight in kilograms,175001000,,,,175001000,,113266828,,,0
H5,2020,2020,2020,4,0,1,Import,392,Japan,JPN,842,USA,USA,,,,,,,,2608,Zinc ores and concentrates,8,Weight in kilograms,112729000,,,,112729000,,93920053,,,0
H5,2020,2020,2020,4,0,1,Import,392,Japan,JPN,0,World,WLD,,,,,,,,2610,Chromium ores and concentrates,8,Weight in kilograms,41161000,,,,41161000,,12986449,,,0
H5,2020,2020,2020,4,0,1,Import,392,Japan,JPN,8,Albania,ALB,,,,,,,,2610,Chromium ores and concentrates,8,Weight in kilograms,7183000,,,,7183000,,2349093,,,0
H5,2020,2020,2020,4,0,1,Import,392,Japan,JPN,156,China,CHN,,,,,,,,2610,Chromium ores and concentrates,8,Weight in kilograms,539000,,,,539000,,204088,,,0
H5,2020,2020,2020,4,0,1,Import,392,Japan,JPN,512,Oman,OMN,,,,,,,,2610,Chromium ores and concentrates,8,Weight in kilograms,2760000,,,,2760000,,1083105,,,0
H5,2020,2020,2020,4,0,1,Import,392,Japan,JPN,586,Pakistan,PAK,,,,,,,,2610,Chromium ores and concentrates,8,Weight in kilograms,4051000,,,,4051000,,1288327,,,0
H5,2020,2020,2020,4,0,1,Import,392,Japan,JPN,710,South Africa,ZAF,,,,,,,,2610,Chromium ores and concentrates,8,Weight in kilograms,17540000,,,,17540000,,5294080,,,0
H5,2020,2020,2020,4,0,1,Import,392,Japan,JPN,716,Zimbabwe,ZWE,,,,,,,,2610,Chromium ores and concentrates,8,Weight in kilograms,681000,,,,681000,,152675,,,0
H5,2020,2020,2020,4,0,1,Import,392,Japan,JPN,792,Turkey,TUR,,,,,,,,2610,Chromium ores and concentrates,8,Weight in kilograms,8407000,,,,8407000,,2615076,,,0
H5,2019,2019,2019,4,0,1,Import,392,Japan,JPN,0,World,WLD,,,,,,,,2611,Tungsten ores and concentrates,8,Weight in kilograms,19000,,,,19000,,240067,,,0
H5,2019,2019,2019,4,0,1,Import,392,Japan,JPN,643,Russia,RUS,,,,,,,,2611,Tungsten ores and concentrates,8,Weight in kilograms,19000,,,,19000,,240067,,,0
H5,2020,2020,2020,4,0,1,Import,392,Japan,JPN,0,World,WLD,,,,,,,,2613,Molybdenum ores and concentrates,8,Weight in kilograms,32875000,,,,32875000,,385785741,,,0
H5,2020,2020,2020,4,0,1,Import,392,Japan,JPN,40,Austria,AUT,,,,,,,,2613,Molybdenum ores and concentrates,8,Weight in kilograms,3000,,,,3000,,113532,,,0
H5,2020,2020,2020,4,0,1,Import,392,Japan,JPN,56,Belgium,BEL,,,,,,,,2613,Molybdenum ores and concentrates,8,Weight in kilograms,980000,,,,980000,,11437589,,,0
H5,2020,2020,2020,4,0,1,Import,392,Japan,JPN,152,Chile,CHL,,,,,,,,2613,Molybdenum ores and concentrates,8,Weight in kilograms,24449000,,,,24449000,,285054744,,,0
H5,2020,2020,2020,4,0,1,Import,392,Japan,JPN,410,South Korea,KOR,,,,,,,,2613,Molybdenum ores and concentrates,8,Weight in kilograms,127000,,,,127000,,1502447,,,0
H5,2020,2020,2020,4,0,1,Import,392,Japan,JPN,484,Mexico,MEX,,,,,,,,2613,Molybdenum ores and concentrates,8,Weight in kilograms,700000,,,,700000,,8414326,,,0
H5,2020,2020,2020,4,0,1,Import,392,Japan,JPN,490,Other Asia,,,,,,,,,2613,Molybdenum ores and concentrates,8,Weight in kilograms,120000,,,,120000,,1501230,,,0
H5,2020,2020,2020,4,0,1,Import,392,Japan,JPN,528,Netherlands,NLD,,,,,,,,2613,Molybdenum ores and concentrates,8,Weight in kilograms,100000,,,,100000,,1222349,,,0
H5,2020,2020,2020,4,0,1,Import,392,Japan,JPN,643,Russia,RUS,,,,,,,,2613,Molybdenum ores and concentrates,8,Weight in kilograms,20000,,,,20000,,276782,,,0
H5,2020,2020,2020,4,0,1,Import,392,Japan,JPN,704,Vietnam,VNM,,,,,,,,2613,Molybdenum ores and concentrates,8,Weight in kilograms,1200000,,,,1200000,,13473633,,,0
H5,2020,2020,2020,4,0,1,Import,392,Japan,JPN,764,Thailand,THA,,,,,,,,2613,Molybdenum ores and concentrates,8,Weight in kilograms,80000,,,,80000,,941304,,,0
H5,2020,2020,2020,4,0,1,Import,392,Japan,JPN,842,USA,USA,,,,,,,,2613,Molybdenum ores and concentrates,8,Weight in kilograms,5096000,,,,5096000,,61847799,,,0
H5,2020,2020,2020,4,0,1,Import,392,Japan,JPN,0,World,WLD,,,,,,,,2614,Titanium ores and concentrates,8,Weight in kilograms,343111000,,,,343111000,,278122718,,,0
H5,2020,2020,2020,4,0,1,Import,392,Japan,JPN,36,Australia,AUS,,,,,,,,2614,Titanium ores and concentrates,8,Weight in kilograms,42948000,,,,42948000,,23087295,,,0
H5,2020,2020,2020,4,0,1,Import,392,Japan,JPN,124,Canada,CAN,,,,,,,,2614,Titanium ores and concentrates,8,Weight in kilograms,64032000,,,,64032000,,76027243,,,0
H5,2020,2020,2020,4,0,1,Import,392,Japan,JPN,144,Sri Lanka,LKA,,,,,,,,2614,Titanium ores and concentrates,8,Weight in kilograms,20000,,,,20000,,27219,,,0
H5,2020,2020,2020,4,0,1,Import,392,Japan,JPN,156,China,CHN,,,,,,,,2614,Titanium ores and concentrates,8,Weight in kilograms,2510000,,,,2510000,,1654092,,,0
H5,2020,2020,2020,4,0,1,Import,392,Japan,JPN,276,Germany,DEU,,,,,,,,2614,Titanium ores and concentrates,8,Weight in kilograms,500000,,,,500000,,350881,,,0
H5,2020,2020,2020,4,0,1,Import,392,Japan,JPN,458,Malaysia,MYS,,,,,,,,2614,Titanium ores and concentrates,8,Weight in kilograms,12000,,,,12000,,6846,,,0
H5,2020,2020,2020,4,0,1,Import,392,Japan,JPN,508,Mozambique,MOZ,,,,,,,,2614,Titanium ores and concentrates,8,Weight in kilograms,11003000,,,,11003000,,3248408,,,0
H5,2020,2020,2020,4,0,1,Import,392,Japan,JPN,554,New Zealand,NZL,,,,,,,,2614,Titanium ores and concentrates,8,Weight in kilograms,210000,,,,210000,,44266,,,0
H5,2020,2020,2020,4,0,1,Import,392,Japan,JPN,686,Senegal,SEN,,,,,,,,2614,Titanium ores and concentrates,8,Weight in kilograms,10980000,,,,10980000,,3226584,,,0
H5,2020,2020,2020,4,0,1,Import,392,Japan,JPN,694,Sierra Leone,SLE,,,,,,,,2614,Titanium ores and concentrates,8,Weight in kilograms,21483000,,,,21483000,,28004848,,,0
H5,2020,2020,2020,4,0,1,Import,392,Japan,JPN,699,India,IND,,,,,,,,2614,Titanium ores and concentrates,8,Weight in kilograms,93468000,,,,93468000,,66072946,,,0
H5,2020,2020,2020,4,0,1,Import,392,Japan,JPN,704,Vietnam,VNM,,,,,,,,2614,Titanium ores and concentrates,8,Weight in kilograms,11460000,,,,11460000,,12282943,,,0
H5,2020,2020,2020,4,0,1,Import,392,Japan,JPN,710,South Africa,ZAF,,,,,,,,2614,Titanium ores and concentrates,8,Weight in kilograms,83679000,,,,83679000,,63825705,,,0
H5,2020,2020,2020,4,0,1,Import,392,Japan,JPN,764,Thailand,THA,,,,,,,,2614,Titanium ores and concentrates,8,Weight in kilograms,21000,,,,21000,,27125,,,0
H5,2020,2020,2020,4,0,1,Import,392,Japan,JPN,804,Ukraine,UKR,,,,,,,,2614,Titanium ores and concentrates,8,Weight in kilograms,785000,,,,785000,,236309,,,0
H5,2020,2020,2020,6,1,1,Import,392,Japan,JPN,0,World,WLD,,,,,,,,261610,Silver ores and concentrates,8,Weight in kilograms,11160358,,,,11160358,,94284834,,,6
H5,2020,2020,2020,6,1,1,Import,392,Japan,JPN,32,Argentina,ARG,,,,,,,,261610,Silver ores and concentrates,8,Weight in kilograms,100000,,,,100000,,559709,,,0
H5,2020,2020,2020,6,1,1,Import,392,Japan,JPN,68,Bolivia,BOL,,,,,,,,261610,Silver ores and concentrates,8,Weight in kilograms,1872000,,,,1872000,,18608304,,,0
H5,2020,2020,2020,6,1,1,Import,392,Japan,JPN,484,Mexico,MEX,,,,,,,,261610,Silver ores and concentrates,8,Weight in kilograms,2693000,,,,2693000,,15532634,,,0
H5,2020,2020,2020,6,1,1,Import,392,Japan,JPN,604,Peru,PER,,,,,,,,261610,Silver ores and concentrates,8,Weight in kilograms,1418000,,,,1418000,,14942652,,,0
H5,2020,2020,2020,6,1,1,Import,392,Japan,JPN,643,Russia,RUS,,,,,,,,261610,Silver ores and concentrates,8,Weight in kilograms,5077000,,,,5077000,,44638507,,,0
H5,2020,2020,2020,6,1,1,Import,392,Japan,JPN,842,USA,USA,,,,,,,,261610,Silver ores and concentrates,8,Weight in kilograms,358,,,,358,,3025,,,6
H5,2020,2020,2020,6,1,1,Import,392,Japan,JPN,0,World,WLD,,,,,,,,261710,Antimony ores and concentrates,8,Weight in kilograms,676000,,,,676000,,687807,,,0
H5,2020,2020,2020,6,1,1,Import,392,Japan,JPN,40,Austria,AUT,,,,,,,,261710,Antimony ores and concentrates,8,Weight in kilograms,35000,,,,35000,,245320,,,0
H5,2020,2020,2020,6,1,1,Import,392,Japan,JPN,699,India,IND,,,,,,,,261710,Antimony ores and concentrates,8,Weight in kilograms,641000,,,,641000,,442487,,,0
H5,2020,2020,2020,4,0,1,Import,392,Japan,JPN,0,World,WLD,,,,,,,,2701,"Coal; briquettes, ovoids and similar solid fuels manufactured from coal",8,Weight in kilograms,1.74E+11,,,,1.74E+11,,15974722982,,,6
H5,2020,2020,2020,4,0,1,Import,392,Japan,JPN,36,Australia,AUS,,,,,,,,2701,"Coal; briquettes, ovoids and similar solid fuels manufactured from coal",8,Weight in kilograms,1.03E+11,,,,1.03E+11,,9604885060,,,0
H5,2020,2020,2020,4,0,1,Import,392,Japan,JPN,76,Brazil,BRA,,,,,,,,2701,"Coal; briquettes, ovoids and similar solid fuels manufactured from coal",8,Weight in kilograms,40031,,,,40031,,2725,,,6
H5,2020,2020,2020,4,0,1,Import,392,Japan,JPN,124,Canada,CAN,,,,,,,,2701,"Coal; briquettes, ovoids and similar solid fuels manufactured from coal",8,Weight in kilograms,9091182000,,,,9091182000,,1065685238,,,0
H5,2020,2020,2020,4,0,1,Import,392,Japan,JPN,156,China,CHN,,,,,,,,2701,"Coal; briquettes, ovoids and similar solid fuels manufactured from coal",8,Weight in kilograms,815688000,,,,815688000,,127747211,,,0
H5,2020,2020,2020,4,0,1,Import,392,Japan,JPN,170,Colombia,COL,,,,,,,,2701,"Coal; briquettes, ovoids and similar solid fuels manufactured from coal",8,Weight in kilograms,709710000,,,,709710000,,74418166,,,0
H5,2020,2020,2020,4,0,1,Import,392,Japan,JPN,360,Indonesia,IDN,,,,,,,,2701,"Coal; briquettes, ovoids and similar solid fuels manufactured from coal",8,Weight in kilograms,27537558000,,,,27537558000,,2124333432,,,0
H5,2020,2020,2020,4,0,1,Import,392,Japan,JPN,398,Kazakhstan,KAZ,,,,,,,,2701,"Coal; briquettes, ovoids and similar solid fuels manufactured from coal",8,Weight in kilograms,248020000,,,,248020000,,17562796,,,0
H5,2020,2020,2020,4,0,1,Import,392,Japan,JPN,490,Other Asia,,,,,,,,,2701,"Coal; briquettes, ovoids and similar solid fuels manufactured from coal",8,Weight in kilograms,1380000,,,,1380000,,675031,,,0
H5,2020,2020,2020,4,0,1,Import,392,Japan,JPN,508,Mozambique,MOZ,,,,,,,,2701,"Coal; briquettes, ovoids and similar solid fuels manufactured from coal",8,Weight in kilograms,150575000,,,,150575000,,18227740,,,0
H5,2020,2020,2020,4,0,1,Import,392,Japan,JPN,554,New Zealand,NZL,,,,,,,,2701,"Coal; briquettes, ovoids and similar solid fuels manufactured from coal",8,Weight in kilograms,339805000,,,,339805000,,40037676,,,0
H5,2020,2020,2020,4,0,1,Import,392,Japan,JPN,616,Poland,POL,,,,,,,,2701,"Coal; briquettes, ovoids and similar solid fuels manufactured from coal",8,Weight in kilograms,8000,,,,8000,,9675,,,0
H5,2020,2020,2020,4,0,1,Import,392,Japan,JPN,643,Russia,RUS,,,,,,,,2701,"Coal; briquettes, ovoids and similar solid fuels manufactured from coal",8,Weight in kilograms,21679823000,,,,21679823000,,1821581958,,,0
H5,2020,2020,2020,4,0,1,Import,392,Japan,JPN,704,Vietnam,VNM,,,,,,,,2701,"Coal; briquettes, ovoids and similar solid fuels manufactured from coal",8,Weight in kilograms,272416000,,,,272416000,,43332973,,,0
H5,2020,2020,2020,4,0,1,Import,392,Japan,JPN,710,South Africa,ZAF,,,,,,,,2701,"Coal; briquettes, ovoids and similar solid fuels manufactured from coal",8,Weight in kilograms,86384000,,,,86384000,,5672772,,,0
H5,2020,2020,2020,4,0,1,Import,392,Japan,JPN,764,Thailand,THA,,,,,,,,2701,"Coal; briquettes, ovoids and similar solid fuels manufactured from coal",8,Weight in kilograms,4784000,,,,4784000,,1078291,,,0
H5,2020,2020,2020,4,0,1,Import,392,Japan,JPN,842,USA,USA,,,,,,,,2701,"Coal; briquettes, ovoids and similar solid fuels manufactured from coal",8,Weight in kilograms,9328517000,,,,9328517000,,1029472231,,,0
H5,2020,2020,2020,4,0,1,Import,392,Japan,JPN,0,World,WLD,,,,,,,,2702,"Lignite; whether or not agglomerated, excluding jet",8,Weight in kilograms,21578659,,,,21578659,,3776655,,,6
H5,2020,2020,2020,4,0,1,Import,392,Japan,JPN,36,Australia,AUS,,,,,,,,2702,"Lignite; whether or not agglomerated, excluding jet",8,Weight in kilograms,128659,,,,128659,,29916,,,6
H5,2020,2020,2020,4,0,1,Import,392,Japan,JPN,124,Canada,CAN,,,,,,,,2702,"Lignite; whether or not agglomerated, excluding jet",8,Weight in kilograms,975000,,,,975000,,488655,,,0
H5,2020,2020,2020,4,0,1,Import,392,Japan,JPN,156,China,CHN,,,,,,,,2702,"Lignite; whether or not agglomerated, excluding jet",8,Weight in kilograms,3850000,,,,3850000,,1033266,,,0
H5,2020,2020,2020,4,0,1,Import,392,Japan,JPN,643,Russia,RUS,,,,,,,,2702,"Lignite; whether or not agglomerated, excluding jet",8,Weight in kilograms,16408000,,,,16408000,,2042975,,,0
H5,2020,2020,2020,4,0,1,Import,392,Japan,JPN,842,USA,USA,,,,,,,,2702,"Lignite; whether or not agglomerated, excluding jet",8,Weight in kilograms,217000,,,,217000,,181842,,,0
H5,2020,2020,2020,6,1,1,Import,392,Japan,JPN,0,World,WLD,,,,,,,,270900,"Oils; petroleum oils and oils obtained from bituminous minerals, crude",8,Weight in kilograms,1.23E+11,,,,1.23E+11,,43495449526,,,0
H5,2020,2020,2020,6,1,1,Import,392,Japan,JPN,12,Algeria,DZA,,,,,,,,270900,"Oils; petroleum oils and oils obtained from bituminous minerals, crude",8,Weight in kilograms,297288000,,,,297288000,,133190015,,,0
H5,2020,2020,2020,6,1,1,Import,392,Japan,JPN,31,Azerbaijan,AZE,,,,,,,,270900,"Oils; petroleum oils and oils obtained from bituminous minerals, crude",8,Weight in kilograms,138706000,,,,138706000,,41772696,,,0
H5,2020,2020,2020,6,1,1,Import,392,Japan,JPN,36,Australia,AUS,,,,,,,,270900,"Oils; petroleum oils and oils obtained from bituminous minerals, crude",8,Weight in kilograms,277905000,,,,277905000,,119257831,,,0
H5,2020,2020,2020,6,1,1,Import,392,Japan,JPN,48,Bahrain,BHR,,,,,,,,270900,"Oils; petroleum oils and oils obtained from bituminous minerals, crude",8,Weight in kilograms,628486000,,,,628486000,,162569926,,,0
H5,2020,2020,2020,6,1,1,Import,392,Japan,JPN,96,Brunei Darussalam,BRN,,,,,,,,270900,"Oils; petroleum oils and oils obtained from bituminous minerals, crude",8,Weight in kilograms,121990000,,,,121990000,,47984216,,,0
H5,2020,2020,2020,6,1,1,Import,392,Japan,JPN,218,Ecuador,ECU,,,,,,,,270900,"Oils; petroleum oils and oils obtained from bituminous minerals, crude",8,Weight in kilograms,2221200000,,,,2221200000,,636231161,,,0
H5,2020,2020,2020,6,1,1,Import,392,Japan,JPN,368,Iraq,IRQ,,,,,,,,270900,"Oils; petroleum oils and oils obtained from bituminous minerals, crude",8,Weight in kilograms,495064000,,,,495064000,,154086624,,,0
H5,2020,2020,2020,6,1,1,Import,392,Japan,JPN,398,Kazakhstan,KAZ,,,,,,,,270900,"Oils; petroleum oils and oils obtained from bituminous minerals, crude",8,Weight in kilograms,798969000,,,,798969000,,349606173,,,0
H5,2020,2020,2020,6,1,1,Import,392,Japan,JPN,414,Kuwait,KWT,,,,,,,,270900,"Oils; petroleum oils and oils obtained from bituminous minerals, crude",8,Weight in kilograms,11260800000,,,,11260800000,,3883155679,,,0
H5,2020,2020,2020,6,1,1,Import,392,Japan,JPN,434,Libya,LBY,,,,,,,,270900,"Oils; petroleum oils and oils obtained from bituminous minerals, crude",8,Weight in kilograms,177957000,,,,177957000,,65992478,,,0
H5,2020,2020,2020,6,1,1,Import,392,Japan,JPN,458,Malaysia,MYS,,,,,,,,270900,"Oils; petroleum oils and oils obtained from bituminous minerals, crude",8,Weight in kilograms,512210000,,,,512210000,,180523094,,,0
H5,2020,2020,2020,6,1,1,Import,392,Japan,JPN,484,Mexico,MEX,,,,,,,,270900,"Oils; petroleum oils and oils obtained from bituminous minerals, crude",8,Weight in kilograms,75015900,,,,75015900,,34845082,,,0
H5,2020,2020,2020,6,1,1,Import,392,Japan,JPN,512,Oman,OMN,,,,,,,,270900,"Oils; petroleum oils and oils obtained from bituminous minerals, crude",8,Weight in kilograms,736425000,,,,736425000,,325917598,,,0
H5,2020,2020,2020,6,1,1,Import,392,Japan,JPN,634,Qatar,QAT,,,,,,,,270900,"Oils; petroleum oils and oils obtained from bituminous minerals, crude",8,Weight in kilograms,10097700000,,,,10097700000,,3727410821,,,0
H5,2020,2020,2020,6,1,1,Import,392,Japan,JPN,643,Russia,RUS,,,,,,,,270900,"Oils; petroleum oils and oils obtained from bituminous minerals, crude",8,Weight in kilograms,5087910000,,,,5087910000,,1801255287,,,0
H5,2020,2020,2020,6,1,1,Import,392,Japan,JPN,682,Saudi Arabia,SAU,,,,,,,,270900,"Oils; petroleum oils and oils obtained from bituminous minerals, crude",8,Weight in kilograms,49600700000,,,,49600700000,,17201614540,,,0
H5,2020,2020,2020,6,1,1,Import,392,Japan,JPN,704,Vietnam,VNM,,,,,,,,270900,"Oils; petroleum oils and oils obtained from bituminous minerals, crude",8,Weight in kilograms,368596000,,,,368596000,,156094634,,,0
H5,2020,2020,2020,6,1,1,Import,392,Japan,JPN,784,United Arab Emirates,ARE,,,,,,,,270900,"Oils; petroleum oils and oils obtained from bituminous minerals, crude",8,Weight in kilograms,38279000000,,,,38279000000,,13727894690,,,0
H5,2020,2020,2020,6,1,1,Import,392,Japan,JPN,842,USA,USA,,,,,,,,270900,"Oils; petroleum oils and oils obtained from bituminous minerals, crude",8,Weight in kilograms,1980620000,,,,1980620000,,746046973,,,0
H5,2020,2020,2020,6,1,1,Import,392,Japan,JPN,0,World,WLD,,,,,,,,280470,Phosphorus,8,Weight in kilograms,23002706,,,,23002706,,65776550,,,0
H5,2020,2020,2020,6,1,1,Import,392,Japan,JPN,156,China,CHN,,,,,,,,280470,Phosphorus,8,Weight in kilograms,77800,,,,77800,,279864,,,0
H5,2020,2020,2020,6,1,1,Import,392,Japan,JPN,398,Kazakhstan,KAZ,,,,,,,,280470,Phosphorus,8,Weight in kilograms,475006,,,,475006,,1366885,,,0
H5,2020,2020,2020,6,1,1,Import,392,Japan,JPN,704,Vietnam,VNM,,,,,,,,280470,Phosphorus,8,Weight in kilograms,22449900,,,,22449900,,64129800,,,0
H5,2020,2020,2020,6,1,1,Import,392,Japan,JPN,0,World,WLD,,,,,,,,280480,Arsenic,8,Weight in kilograms,23030,,,,23030,,349898,,,0
H5,2020,2020,2020,6,1,1,Import,392,Japan,JPN,156,China,CHN,,,,,,,,280480,Arsenic,8,Weight in kilograms,21000,,,,21000,,59908,,,0
H5,2020,2020,2020,6,1,1,Import,392,Japan,JPN,276,Germany,DEU,,,,,,,,280480,Arsenic,8,Weight in kilograms,2030,,,,2030,,289989,,,0
H5,2020,2020,2020,6,1,1,Import,392,Japan,JPN,0,World,WLD,,,,,,,,280490,Selenium,8,Weight in kilograms,6600,,,,6600,,74998,,,0
H5,2020,2020,2020,6,1,1,Import,392,Japan,JPN,276,Germany,DEU,,,,,,,,280490,Selenium,8,Weight in kilograms,4000,,,,4000,,55862,,,0
H5,2020,2020,2020,6,1,1,Import,392,Japan,JPN,410,South Korea,KOR,,,,,,,,280490,Selenium,8,Weight in kilograms,160,,,,160,,8242,,,0
H5,2020,2020,2020,6,1,1,Import,392,Japan,JPN,757,Switzerland,CHE,,,,,,,,280490,Selenium,8,Weight in kilograms,2440,,,,2440,,10893,,,0
H5,2020,2020,2020,6,1,1,Import,392,Japan,JPN,0,World,WLD,,,,,,,,280530,"Earth-metals, rare; scandium and yttrium, whether or not intermixed or interalloyed",8,Weight in kilograms,6791261,,,,6791261,,201714283,,,0
H5,2020,2020,2020,6,1,1,Import,392,Japan,JPN,40,Austria,AUT,,,,,,,,280530,"Earth-metals, rare; scandium and yttrium, whether or not intermixed or interalloyed",8,Weight in kilograms,1200,,,,1200,,36810,,,0
H5,2020,2020,2020,6,1,1,Import,392,Japan,JPN,56,Belgium,BEL,,,,,,,,280530,"Earth-metals, rare; scandium and yttrium, whether or not intermixed or interalloyed",8,Weight in kilograms,4,,,,4,,26975,,,0
H5,2020,2020,2020,6,1,1,Import,392,Japan,JPN,156,China,CHN,,,,,,,,280530,"Earth-metals, rare; scandium and yttrium, whether or not intermixed or interalloyed",8,Weight in kilograms,3305510,,,,3305510,,51032891,,,0
H5,2020,2020,2020,6,1,1,Import,392,Japan,JPN,490,Other Asia,,,,,,,,,280530,"Earth-metals, rare; scandium and yttrium, whether or not intermixed or interalloyed",8,Weight in kilograms,210,,,,210,,15735,,,0
H5,2020,2020,2020,6,1,1,Import,392,Japan,JPN,704,Vietnam,VNM,,,,,,,,280530,"Earth-metals, rare; scandium and yttrium, whether or not intermixed or interalloyed",8,Weight in kilograms,2560330,,,,2560330,,103913839,,,0
H5,2020,2020,2020,6,1,1,Import,392,Japan,JPN,764,Thailand,THA,,,,,,,,280530,"Earth-metals, rare; scandium and yttrium, whether or not intermixed or interalloyed",8,Weight in kilograms,924000,,,,924000,,46619017,,,0
H5,2020,2020,2020,6,1,1,Import,392,Japan,JPN,826,United Kingdom,GBR,,,,,,,,280530,"Earth-metals, rare; scandium and yttrium, whether or not intermixed or interalloyed",8,Weight in kilograms,4,,,,4,,10996,,,0
H5,2020,2020,2020,6,1,1,Import,392,Japan,JPN,842,USA,USA,,,,,,,,280530,"Earth-metals, rare; scandium and yttrium, whether or not intermixed or interalloyed",8,Weight in kilograms,3,,,,3,,58016,,,0
H5,2020,2020,2020,6,1,1,Import,392,Japan,JPN,0,World,WLD,,,,,,,,281000,Oxides of boron; boric acids,8,Weight in kilograms,24148922,,,,24148922,,18564337,,,0
H5,2020,2020,2020,6,1,1,Import,392,Japan,JPN,152,Chile,CHL,,,,,,,,281000,Oxides of boron; boric acids,8,Weight in kilograms,865900,,,,865900,,610814,,,0
H5,2020,2020,2020,6,1,1,Import,392,Japan,JPN,156,China,CHN,,,,,,,,281000,Oxides of boron; boric acids,8,Weight in kilograms,2000,,,,2000,,7596,,,0
H5,2020,2020,2020,6,1,1,Import,392,Japan,JPN,251,France,FRA,,,,,,,,281000,Oxides of boron; boric acids,8,Weight in kilograms,3457,,,,3457,,255492,,,0
H5,2020,2020,2020,6,1,1,Import,392,Japan,JPN,276,Germany,DEU,,,,,,,,281000,Oxides of boron; boric acids,8,Weight in kilograms,6165,,,,6165,,59712,,,0
H5,2020,2020,2020,6,1,1,Import,392,Japan,JPN,381,Italy,ITA,,,,,,,,281000,Oxides of boron; boric acids,8,Weight in kilograms,386000,,,,386000,,445053,,,0
H5,2020,2020,2020,6,1,1,Import,392,Japan,JPN,490,Other Asia,,,,,,,,,281000,Oxides of boron; boric acids,8,Weight in kilograms,102000,,,,102000,,171333,,,0
H5,2020,2020,2020,6,1,1,Import,392,Japan,JPN,699,India,IND,,,,,,,,281000,Oxides of boron; boric acids,8,Weight in kilograms,1400,,,,1400,,3400,,,0
H5,2020,2020,2020,6,1,1,Import,392,Japan,JPN,792,Turkey,TUR,,,,,,,,281000,Oxides of boron; boric acids,8,Weight in kilograms,2842000,,,,2842000,,1570889,,,0
H5,2020,2020,2020,6,1,1,Import,392,Japan,JPN,842,USA,USA,,,,,,,,281000,Oxides of boron; boric acids,8,Weight in kilograms,19940000,,,,19940000,,15440046,,,0
H5,2020,2020,2020,6,1,1,Import,392,Japan,JPN,0,World,WLD,,,,,,,,283691,Carbonates; lithium carbonate,8,Weight in kilograms,17708761,,,,17708761,,191757466,,,0
H5,2020,2020,2020,6,1,1,Import,392,Japan,JPN,32,Argentina,ARG,,,,,,,,283691,Carbonates; lithium carbonate,8,Weight in kilograms,1949300,,,,1949300,,12959286,,,0
H5,2020,2020,2020,6,1,1,Import,392,Japan,JPN,152,Chile,CHL,,,,,,,,283691,Carbonates; lithium carbonate,8,Weight in kilograms,13366800,,,,13366800,,154658127,,,0
H5,2020,2020,2020,6,1,1,Import,392,Japan,JPN,156,China,CHN,,,,,,,,283691,Carbonates; lithium carbonate,8,Weight in kilograms,2318880,,,,2318880,,20749610,,,0
H5,2020,2020,2020,6,1,1,Import,392,Japan,JPN,276,Germany,DEU,,,,,,,,283691,Carbonates; lithium carbonate,8,Weight in kilograms,25800,,,,25800,,1425988,,,0
H5,2020,2020,2020,6,1,1,Import,392,Japan,JPN,705,Slovenia,SVN,,,,,,,,283691,Carbonates; lithium carbonate,8,Weight in kilograms,39981,,,,39981,,1881813,,,0
H5,2020,2020,2020,6,1,1,Import,392,Japan,JPN,826,United Kingdom,GBR,,,,,,,,283691,Carbonates; lithium carbonate,8,Weight in kilograms,8000,,,,8000,,82641,,,0
H5,2020,2020,2020,6,1,1,Import,392,Japan,JPN,0,World,WLD,,,,,,,,284420,"Uranium; enriched in U235, plutonium, their compounds, alloys dispersions (including cermets), ceramic products and mixtures containing uranium enriched in U235, plutonium or compounds of these products",8,Weight in kilograms,45,,,,45,,45624,,,6
H5,2020,2020,2020,6,1,1,Import,392,Japan,JPN,251,France,FRA,,,,,,,,284420,"Uranium; enriched in U235, plutonium, their compounds, alloys dispersions (including cermets), ceramic products and mixtures containing uranium enriched in U235, plutonium or compounds of these products",8,Weight in kilograms,36,,,,36,,36052,,,6
H5,2020,2020,2020,6,1,1,Import,392,Japan,JPN,643,Russia,RUS,,,,,,,,284420,"Uranium; enriched in U235, plutonium, their compounds, alloys dispersions (including cermets), ceramic products and mixtures containing uranium enriched in U235, plutonium or compounds of these products",8,Weight in kilograms,3,,,,3,,3784,,,6
H5,2020,2020,2020,6,1,1,Import,392,Japan,JPN,842,USA,USA,,,,,,,,284420,"Uranium; enriched in U235, plutonium, their compounds, alloys dispersions (including cermets), ceramic products and mixtures containing uranium enriched in U235, plutonium or compounds of these products",8,Weight in kilograms,5,,,,5,,5788,,,6
H5,2020,2020,2020,4,0,1,Import,392,Japan,JPN,0,World,WLD,,,,,,,,7108,"Gold (including gold plated with platinum) unwrought or in semi-manufactured forms, or in powder form",8,Weight in kilograms,4923,,,,4923,,269076129,,,6
H5,2020,2020,2020,4,0,1,Import,392,Japan,JPN,36,Australia,AUS,,,,,,,,7108,"Gold (including gold plated with platinum) unwrought or in semi-manufactured forms, or in powder form",8,Weight in kilograms,1500,,,,1500,,84449690,,,0
H5,2020,2020,2020,4,0,1,Import,392,Japan,JPN,40,Austria,AUT,,,,,,,,7108,"Gold (including gold plated with platinum) unwrought or in semi-manufactured forms, or in powder form",8,Weight in kilograms,2,,,,2,,156618,,,0
H5,2020,2020,2020,4,0,1,Import,392,Japan,JPN,124,Canada,CAN,,,,,,,,7108,"Gold (including gold plated with platinum) unwrought or in semi-manufactured forms, or in powder form",8,Weight in kilograms,4,,,,4,,208668,,,0
H5,2020,2020,2020,4,0,1,Import,392,Japan,JPN,156,China,CHN,,,,,,,,7108,"Gold (including gold plated with platinum) unwrought or in semi-manufactured forms, or in powder form",8,Weight in kilograms,154,,,,154,,5779392,,,0
H5,2020,2020,2020,4,0,1,Import,392,Japan,JPN,251,France,FRA,,,,,,,,7108,"Gold (including gold plated with platinum) unwrought or in semi-manufactured forms, or in powder form",8,Weight in kilograms,13,,,,13,,205465,,,0
H5,2020,2020,2020,4,0,1,Import,392,Japan,JPN,276,Germany,DEU,,,,,,,,7108,"Gold (including gold plated with platinum) unwrought or in semi-manufactured forms, or in powder form",8,Weight in kilograms,13,,,,13,,422208,,,0
H5,2020,2020,2020,4,0,1,Import,392,Japan,JPN,344,Hong Kong,HKG,,,,,,,,7108,"Gold (including gold plated with platinum) unwrought or in semi-manufactured forms, or in powder form",8,Weight in kilograms,1,,,,1,,46448,,,0
H5,2020,2020,2020,4,0,1,Import,392,Japan,JPN,360,Indonesia,IDN,,,,,,,,7108,"Gold (including gold plated with platinum) unwrought or in semi-manufactured forms, or in powder form",8,Weight in kilograms,0,,,,0,,5591,,,0
H5,2020,2020,2020,4,0,1,Import,392,Japan,JPN,376,Israel,ISR,,,,,,,,7108,"Gold (including gold plated with platinum) unwrought or in semi-manufactured forms, or in powder form",8,Weight in kilograms,0,,,,0,,15379,,,0
H5,2020,2020,2020,4,0,1,Import,392,Japan,JPN,381,Italy,ITA,,,,,,,,7108,"Gold (including gold plated with platinum) unwrought or in semi-manufactured forms, or in powder form",8,Weight in kilograms,0,,,,0,,78107,,,0
H5,2020,2020,2020,4,0,1,Import,392,Japan,JPN,410,South Korea,KOR,,,,,,,,7108,"Gold (including gold plated with platinum) unwrought or in semi-manufactured forms, or in powder form",8,Weight in kilograms,685,,,,685,,32775759,,,0
H5,2020,2020,2020,4,0,1,Import,392,Japan,JPN,458,Malaysia,MYS,,,,,,,,7108,"Gold (including gold plated with platinum) unwrought or in semi-manufactured forms, or in powder form",8,Weight in kilograms,7,,,,7,,411418,,,6
H5,2020,2020,2020,4,0,1,Import,392,Japan,JPN,490,Other Asia,,,,,,,,,7108,"Gold (including gold plated with platinum) unwrought or in semi-manufactured forms, or in powder form",8,Weight in kilograms,1464,,,,1464,,82622887,,,0
H5,2020,2020,2020,4,0,1,Import,392,Japan,JPN,608,Philippines,PHL,,,,,,,,7108,"Gold (including gold plated with platinum) unwrought or in semi-manufactured forms, or in powder form",8,Weight in kilograms,41,,,,41,,1758811,,,0
H5,2020,2020,2020,4,0,1,Import,392,Japan,JPN,702,Singapore,SGP,,,,,,,,7108,"Gold (including gold plated with platinum) unwrought or in semi-manufactured forms, or in powder form",8,Weight in kilograms,5,,,,5,,318651,,,0
H5,2020,2020,2020,4,0,1,Import,392,Japan,JPN,704,Vietnam,VNM,,,,,,,,7108,"Gold (including gold plated with platinum) unwrought or in semi-manufactured forms, or in powder form",8,Weight in kilograms,17,,,,17,,1011366,,,0
H5,2020,2020,2020,4,0,1,Import,392,Japan,JPN,757,Switzerland,CHE,,,,,,,,7108,"Gold (including gold plated with platinum) unwrought or in semi-manufactured forms, or in powder form",8,Weight in kilograms,759,,,,759,,46739068,,,0
H5,2020,2020,2020,4,0,1,Import,392,Japan,JPN,764,Thailand,THA,,,,,,,,7108,"Gold (including gold plated with platinum) unwrought or in semi-manufactured forms, or in powder form",8,Weight in kilograms,24,,,,24,,1239724,,,0
H5,2020,2020,2020,4,0,1,Import,392,Japan,JPN,784,United Arab Emirates,ARE,,,,,,,,7108,"Gold (including gold plated with platinum) unwrought or in semi-manufactured forms, or in powder form",8,Weight in kilograms,1,,,,1,,99735,,,0
H5,2020,2020,2020,4,0,1,Import,392,Japan,JPN,826,United Kingdom,GBR,,,,,,,,7108,"Gold (including gold plated with platinum) unwrought or in semi-manufactured forms, or in powder form",8,Weight in kilograms,1,,,,1,,105861,,,0
H5,2020,2020,2020,4,0,1,Import,392,Japan,JPN,842,USA,USA,,,,,,,,7108,"Gold (including gold plated with platinum) unwrought or in semi-manufactured forms, or in powder form",8,Weight in kilograms,222,,,,222,,10625272,,,0
H5,2020,2020,2020,4,0,1,Import,392,Japan,JPN,0,World,WLD,,,,,,,,7110,"Platinum; unwrought or in semi-manufactured forms, or in powder form",8,Weight in kilograms,108307,,,,108307,,6969261569,,,0
H5,2020,2020,2020,4,0,1,Import,392,Japan,JPN,36,Australia,AUS,,,,,,,,7110,"Platinum; unwrought or in semi-manufactured forms, or in powder form",8,Weight in kilograms,0,,,,0,,13263,,,0
H5,2020,2020,2020,4,0,1,Import,392,Japan,JPN,40,Austria,AUT,,,,,,,,7110,"Platinum; unwrought or in semi-manufactured forms, or in powder form",8,Weight in kilograms,0,,,,0,,21908,,,0
H5,2020,2020,2020,4,0,1,Import,392,Japan,JPN,56,Belgium,BEL,,,,,,,,7110,"Platinum; unwrought or in semi-manufactured forms, or in powder form",8,Weight in kilograms,1197,,,,1197,,133036469,,,0
H5,2020,2020,2020,4,0,1,Import,392,Japan,JPN,156,China,CHN,,,,,,,,7110,"Platinum; unwrought or in semi-manufactured forms, or in powder form",8,Weight in kilograms,18,,,,18,,1268217,,,0
H5,2020,2020,2020,4,0,1,Import,392,Japan,JPN,251,France,FRA,,,,,,,,7110,"Platinum; unwrought or in semi-manufactured forms, or in powder form",8,Weight in kilograms,1,,,,1,,27359,,,0
H5,2020,2020,2020,4,0,1,Import,392,Japan,JPN,276,Germany,DEU,,,,,,,,7110,"Platinum; unwrought or in semi-manufactured forms, or in powder form",8,Weight in kilograms,4993,,,,4993,,294839272,,,0
H5,2020,2020,2020,4,0,1,Import,392,Japan,JPN,360,Indonesia,IDN,,,,,,,,7110,"Platinum; unwrought or in semi-manufactured forms, or in powder form",8,Weight in kilograms,4,,,,4,,37428,,,0
H5,2020,2020,2020,4,0,1,Import,392,Japan,JPN,381,Italy,ITA,,,,,,,,7110,"Platinum; unwrought or in semi-manufactured forms, or in powder form",8,Weight in kilograms,805,,,,805,,43802380,,,0
H5,2020,2020,2020,4,0,1,Import,392,Japan,JPN,410,South Korea,KOR,,,,,,,,7110,"Platinum; unwrought or in semi-manufactured forms, or in powder form",8,Weight in kilograms,905,,,,905,,67882094,,,0
H5,2020,2020,2020,4,0,1,Import,392,Japan,JPN,458,Malaysia,MYS,,,,,,,,7110,"Platinum; unwrought or in semi-manufactured forms, or in powder form",8,Weight in kilograms,9,,,,9,,303215,,,0
H5,2020,2020,2020,4,0,1,Import,392,Japan,JPN,490,Other Asia,,,,,,,,,7110,"Platinum; unwrought or in semi-manufactured forms, or in powder form",8,Weight in kilograms,5104,,,,5104,,116557461,,,0
H5,2020,2020,2020,4,0,1,Import,392,Japan,JPN,579,Norway,NOR,,,,,,,,7110,"Platinum; unwrought or in semi-manufactured forms, or in powder form",8,Weight in kilograms,428,,,,428,,33353443,,,0
H5,2020,2020,2020,4,0,1,Import,392,Japan,JPN,608,Philippines,PHL,,,,,,,,7110,"Platinum; unwrought or in semi-manufactured forms, or in powder form",8,Weight in kilograms,213,,,,213,,8917199,,,0
H5,2020,2020,2020,4,0,1,Import,392,Japan,JPN,616,Poland,POL,,,,,,,,7110,"Platinum; unwrought or in semi-manufactured forms, or in powder form",8,Weight in kilograms,0,,,,0,,2660,,,0
H5,2020,2020,2020,4,0,1,Import,392,Japan,JPN,643,Russia,RUS,,,,,,,,7110,"Platinum; unwrought or in semi-manufactured forms, or in powder form",8,Weight in kilograms,22855,,,,22855,,1559741080,,,0
H5,2020,2020,2020,4,0,1,Import,392,Japan,JPN,699,India,IND,,,,,,,,7110,"Platinum; unwrought or in semi-manufactured forms, or in powder form",8,Weight in kilograms,160,,,,160,,6091065,,,0
H5,2020,2020,2020,4,0,1,Import,392,Japan,JPN,702,Singapore,SGP,,,,,,,,7110,"Platinum; unwrought or in semi-manufactured forms, or in powder form",8,Weight in kilograms,138,,,,138,,9457548,,,0
H5,2020,2020,2020,4,0,1,Import,392,Japan,JPN,704,Vietnam,VNM,,,,,,,,7110,"Platinum; unwrought or in semi-manufactured forms, or in powder form",8,Weight in kilograms,104,,,,104,,960290,,,0
H5,2020,2020,2020,4,0,1,Import,392,Japan,JPN,710,South Africa,ZAF,,,,,,,,7110,"Platinum; unwrought or in semi-manufactured forms, or in powder form",8,Weight in kilograms,61057,,,,61057,,4052746829,,,0
H5,2020,2020,2020,4,0,1,Import,392,Japan,JPN,757,Switzerland,CHE,,,,,,,,7110,"Platinum; unwrought or in semi-manufactured forms, or in powder form",8,Weight in kilograms,775,,,,775,,33063716,,,0
H5,2020,2020,2020,4,0,1,Import,392,Japan,JPN,764,Thailand,THA,,,,,,,,7110,"Platinum; unwrought or in semi-manufactured forms, or in powder form",8,Weight in kilograms,19,,,,19,,1967330,,,0
H5,2020,2020,2020,4,0,1,Import,392,Japan,JPN,826,United Kingdom,GBR,,,,,,,,7110,"Platinum; unwrought or in semi-manufactured forms, or in powder form",8,Weight in kilograms,4886,,,,4886,,332126327,,,0
H5,2020,2020,2020,4,0,1,Import,392,Japan,JPN,842,USA,USA,,,,,,,,7110,"Platinum; unwrought or in semi-manufactured forms, or in powder form",8,Weight in kilograms,4627,,,,4627,,273045006,,,0
H5,2020,2020,2020,4,0,1,Import,392,Japan,JPN,0,World,WLD,,,,,,,,8106,"Bismuth; articles thereof, including waste and scrap",8,Weight in kilograms,242672,,,,242672,,1498017,,,6
H5,2020,2020,2020,4,0,1,Import,392,Japan,JPN,124,Canada,CAN,,,,,,,,8106,"Bismuth; articles thereof, including waste and scrap",8,Weight in kilograms,43,,,,43,,12738,,,0
H5,2020,2020,2020,4,0,1,Import,392,Japan,JPN,156,China,CHN,,,,,,,,8106,"Bismuth; articles thereof, including waste and scrap",8,Weight in kilograms,168240,,,,168240,,991697,,,0
H5,2020,2020,2020,4,0,1,Import,392,Japan,JPN,208,Denmark,DNK,,,,,,,,8106,"Bismuth; articles thereof, including waste and scrap",8,Weight in kilograms,100,,,,100,,4308,,,0
H5,2020,2020,2020,4,0,1,Import,392,Japan,JPN,251,France,FRA,,,,,,,,8106,"Bismuth; articles thereof, including waste and scrap",8,Weight in kilograms,3302,,,,3302,,33935,,,0
H5,2020,2020,2020,4,0,1,Import,392,Japan,JPN,276,Germany,DEU,,,,,,,,8106,"Bismuth; articles thereof, including waste and scrap",8,Weight in kilograms,884,,,,884,,5460,,,6
H5,2020,2020,2020,4,0,1,Import,392,Japan,JPN,410,South Korea,KOR,,,,,,,,8106,"Bismuth; articles thereof, including waste and scrap",8,Weight in kilograms,69885,,,,69885,,385182,,,0
H5,2020,2020,2020,4,0,1,Import,392,Japan,JPN,826,United Kingdom,GBR,,,,,,,,8106,"Bismuth; articles thereof, including waste and scrap",8,Weight in kilograms,104,,,,104,,14668,,,0
H5,2020,2020,2020,4,0,1,Import,392,Japan,JPN,842,USA,USA,,,,,,,,8106,"Bismuth; articles thereof, including waste and scrap",8,Weight in kilograms,114,,,,114,,50026,,,0
H5,2020,2020,2020,4,0,1,Import,392,Japan,JPN,0,World,WLD,,,,,,,,8107,"Cadmium; articles thereof, including waste and scrap",1,No Quantity,6,,,,6,,11680,,,6
H5,2020,2020,2020,4,0,1,Import,392,Japan,JPN,276,Germany,DEU,,,,,,,,8107,"Cadmium; articles thereof, including waste and scrap",1,No Quantity,0,,,,0,,4346,,,6
H5,2020,2020,2020,4,0,1,Import,392,Japan,JPN,842,USA,USA,,,,,,,,8107,"Cadmium; articles thereof, including waste and scrap",8,Weight in kilograms,6,,,,6,,7334,,,0
H5,2020,2020,2020,6,1,1,Import,392,Japan,JPN,0,World,WLD,,,,,,,,711021,"Metals; palladium, unwrought or in powder form",8,Weight in kilograms,48686,,,,48686,,3472332489,,,0
H5,2020,2020,2020,6,1,1,Import,392,Japan,JPN,56,Belgium,BEL,,,,,,,,711021,"Metals; palladium, unwrought or in powder form",8,Weight in kilograms,284,,,,284,,20169377,,,0
H5,2020,2020,2020,6,1,1,Import,392,Japan,JPN,156,China,CHN,,,,,,,,711021,"Metals; palladium, unwrought or in powder form",8,Weight in kilograms,15,,,,15,,1144063,,,0
H5,2020,2020,2020,6,1,1,Import,392,Japan,JPN,276,Germany,DEU,,,,,,,,711021,"Metals; palladium, unwrought or in powder form",8,Weight in kilograms,527,,,,527,,35316174,,,0
H5,2020,2020,2020,6,1,1,Import,392,Japan,JPN,360,Indonesia,IDN,,,,,,,,711021,"Metals; palladium, unwrought or in powder form",8,Weight in kilograms,4,,,,4,,37428,,,0
H5,2020,2020,2020,6,1,1,Import,392,Japan,JPN,381,Italy,ITA,,,,,,,,711021,"Metals; palladium, unwrought or in powder form",8,Weight in kilograms,473,,,,473,,31658278,,,0
H5,2020,2020,2020,6,1,1,Import,392,Japan,JPN,410,South Korea,KOR,,,,,,,,711021,"Metals; palladium, unwrought or in powder form",8,Weight in kilograms,118,,,,118,,6975721,,,0
H5,2020,2020,2020,6,1,1,Import,392,Japan,JPN,458,Malaysia,MYS,,,,,,,,711021,"Metals; palladium, unwrought or in powder form",8,Weight in kilograms,1,,,,1,,54738,,,0
H5,2020,2020,2020,6,1,1,Import,392,Japan,JPN,490,Other Asia,,,,,,,,,711021,"Metals; palladium, unwrought or in powder form",8,Weight in kilograms,27,,,,27,,1665744,,,0
H5,2020,2020,2020,6,1,1,Import,392,Japan,JPN,579,Norway,NOR,,,,,,,,711021,"Metals; palladium, unwrought or in powder form",8,Weight in kilograms,186,,,,186,,12122090,,,0
H5,2020,2020,2020,6,1,1,Import,392,Japan,JPN,608,Philippines,PHL,,,,,,,,711021,"Metals; palladium, unwrought or in powder form",8,Weight in kilograms,210,,,,210,,8819272,,,0
H5,2020,2020,2020,6,1,1,Import,392,Japan,JPN,643,Russia,RUS,,,,,,,,711021,"Metals; palladium, unwrought or in powder form",8,Weight in kilograms,20998,,,,20998,,1505182323,,,0
H5,2020,2020,2020,6,1,1,Import,392,Japan,JPN,699,India,IND,,,,,,,,711021,"Metals; palladium, unwrought or in powder form",8,Weight in kilograms,40,,,,40,,2487447,,,0
H5,2020,2020,2020,6,1,1,Import,392,Japan,JPN,710,South Africa,ZAF,,,,,,,,711021,"Metals; palladium, unwrought or in powder form",8,Weight in kilograms,20434,,,,20434,,1478607181,,,0
H5,2020,2020,2020,6,1,1,Import,392,Japan,JPN,757,Switzerland,CHE,,,,,,,,711021,"Metals; palladium, unwrought or in powder form",8,Weight in kilograms,8,,,,8,,543318,,,0
H5,2020,2020,2020,6,1,1,Import,392,Japan,JPN,764,Thailand,THA,,,,,,,,711021,"Metals; palladium, unwrought or in powder form",8,Weight in kilograms,16,,,,16,,1643171,,,0
H5,2020,2020,2020,6,1,1,Import,392,Japan,JPN,826,United Kingdom,GBR,,,,,,,,711021,"Metals; palladium, unwrought or in powder form",8,Weight in kilograms,2247,,,,2247,,148375168,,,0
H5,2020,2020,2020,6,1,1,Import,392,Japan,JPN,842,USA,USA,,,,,,,,711021,"Metals; palladium, unwrought or in powder form",8,Weight in kilograms,3098,,,,3098,,217530988,,,0
H5,2020,2020,2020,6,1,1,Import,392,Japan,JPN,0,World,WLD,,,,,,,,720221,"Ferro-alloys; ferro-silicon, containing by weight more than 55% of silicon",8,Weight in kilograms,326927116,,,,326927116,,397067555,,,0
H5,2020,2020,2020,6,1,1,Import,392,Japan,JPN,76,Brazil,BRA,,,,,,,,720221,"Ferro-alloys; ferro-silicon, containing by weight more than 55% of silicon",8,Weight in kilograms,51476000,,,,51476000,,91532031,,,0
H5,2020,2020,2020,6,1,1,Import,392,Japan,JPN,156,China,CHN,,,,,,,,720221,"Ferro-alloys; ferro-silicon, containing by weight more than 55% of silicon",8,Weight in kilograms,69836000,,,,69836000,,79505798,,,0
H5,2020,2020,2020,6,1,1,Import,392,Japan,JPN,251,France,FRA,,,,,,,,720221,"Ferro-alloys; ferro-silicon, containing by weight more than 55% of silicon",8,Weight in kilograms,2476800,,,,2476800,,3944121,,,0
H5,2020,2020,2020,6,1,1,Import,392,Japan,JPN,276,Germany,DEU,,,,,,,,720221,"Ferro-alloys; ferro-silicon, containing by weight more than 55% of silicon",8,Weight in kilograms,5341,,,,5341,,32520,,,0
H5,2020,2020,2020,6,1,1,Import,392,Japan,JPN,352,Iceland,ISL,,,,,,,,720221,"Ferro-alloys; ferro-silicon, containing by weight more than 55% of silicon",8,Weight in kilograms,8038200,,,,8038200,,12326544,,,0
H5,2020,2020,2020,6,1,1,Import,392,Japan,JPN,398,Kazakhstan,KAZ,,,,,,,,720221,"Ferro-alloys; ferro-silicon, containing by weight more than 55% of silicon",8,Weight in kilograms,6393990,,,,6393990,,6090353,,,0
H5,2020,2020,2020,6,1,1,Import,392,Japan,JPN,414,Kuwait,KWT,,,,,,,,720221,"Ferro-alloys; ferro-silicon, containing by weight more than 55% of silicon",8,Weight in kilograms,912518,,,,912518,,915996,,,0
H5,2020,2020,2020,6,1,1,Import,392,Japan,JPN,458,Malaysia,MYS,,,,,,,,720221,"Ferro-alloys; ferro-silicon, containing by weight more than 55% of silicon",8,Weight in kilograms,59152300,,,,59152300,,59937661,,,0
H5,2020,2020,2020,6,1,1,Import,392,Japan,JPN,490,Other Asia,,,,,,,,,720221,"Ferro-alloys; ferro-silicon, containing by weight more than 55% of silicon",8,Weight in kilograms,1236800,,,,1236800,,1343787,,,0
H5,2020,2020,2020,6,1,1,Import,392,Japan,JPN,579,Norway,NOR,,,,,,,,720221,"Ferro-alloys; ferro-silicon, containing by weight more than 55% of silicon",8,Weight in kilograms,11238300,,,,11238300,,16113466,,,0
H5,2020,2020,2020,6,1,1,Import,392,Japan,JPN,643,Russia,RUS,,,,,,,,720221,"Ferro-alloys; ferro-silicon, containing by weight more than 55% of silicon",8,Weight in kilograms,109568000,,,,109568000,,117717270,,,0
H5,2020,2020,2020,6,1,1,Import,392,Japan,JPN,699,India,IND,,,,,,,,720221,"Ferro-alloys; ferro-silicon, containing by weight more than 55% of silicon",8,Weight in kilograms,41150,,,,41150,,68291,,,0
H5,2020,2020,2020,6,1,1,Import,392,Japan,JPN,704,Vietnam,VNM,,,,,,,,720221,"Ferro-alloys; ferro-silicon, containing by weight more than 55% of silicon",8,Weight in kilograms,6248150,,,,6248150,,7094554,,,0
H5,2020,2020,2020,6,1,1,Import,392,Japan,JPN,710,South Africa,ZAF,,,,,,,,720221,"Ferro-alloys; ferro-silicon, containing by weight more than 55% of silicon",8,Weight in kilograms,20000,,,,20000,,33298,,,0
H5,2020,2020,2020,6,1,1,Import,392,Japan,JPN,764,Thailand,THA,,,,,,,,720221,"Ferro-alloys; ferro-silicon, containing by weight more than 55% of silicon",8,Weight in kilograms,283000,,,,283000,,402641,,,0
H5,2020,2020,2020,6,1,1,Import,392,Japan,JPN,826,United Kingdom,GBR,,,,,,,,720221,"Ferro-alloys; ferro-silicon, containing by weight more than 55% of silicon",8,Weight in kilograms,518,,,,518,,4421,,,0
H5,2020,2020,2020,6,1,1,Import,392,Japan,JPN,842,USA,USA,,,,,,,,720221,"Ferro-alloys; ferro-silicon, containing by weight more than 55% of silicon",8,Weight in kilograms,49,,,,49,,4795,,,0
H5,2020,2020,2020,6,1,1,Import,392,Japan,JPN,0,World,WLD,,,,,,,,810320,"Tantalum; unwrought, including bars and rods obtained simply by sintering, powders",8,Weight in kilograms,37255,,,,37255,,15736967,,,0
H5,2020,2020,2020,6,1,1,Import,392,Japan,JPN,124,Canada,CAN,,,,,,,,810320,"Tantalum; unwrought, including bars and rods obtained simply by sintering, powders",8,Weight in kilograms,20,,,,20,,9422,,,0
H5,2020,2020,2020,6,1,1,Import,392,Japan,JPN,156,China,CHN,,,,,,,,810320,"Tantalum; unwrought, including bars and rods obtained simply by sintering, powders",8,Weight in kilograms,3225,,,,3225,,960515,,,0
H5,2020,2020,2020,6,1,1,Import,392,Japan,JPN,276,Germany,DEU,,,,,,,,810320,"Tantalum; unwrought, including bars and rods obtained simply by sintering, powders",8,Weight in kilograms,7877,,,,7877,,4496028,,,0
H5,2020,2020,2020,6,1,1,Import,392,Japan,JPN,398,Kazakhstan,KAZ,,,,,,,,810320,"Tantalum; unwrought, including bars and rods obtained simply by sintering, powders",8,Weight in kilograms,13674,,,,13674,,6133823,,,0
H5,2020,2020,2020,6,1,1,Import,392,Japan,JPN,490,Other Asia,,,,,,,,,810320,"Tantalum; unwrought, including bars and rods obtained simply by sintering, powders",8,Weight in kilograms,4404,,,,4404,,612097,,,0
H5,2020,2020,2020,6,1,1,Import,392,Japan,JPN,764,Thailand,THA,,,,,,,,810320,"Tantalum; unwrought, including bars and rods obtained simply by sintering, powders",8,Weight in kilograms,4035,,,,4035,,1681630,,,0
H5,2020,2020,2020,6,1,1,Import,392,Japan,JPN,842,USA,USA,,,,,,,,810320,"Tantalum; unwrought, including bars and rods obtained simply by sintering, powders",8,Weight in kilograms,4020,,,,4020,,1843447,,,0
H5,2020,2020,2020,6,1,1,Import,392,Japan,JPN,0,World,WLD,,,,,,,,810411,"Magnesium; unwrought, containing at least 99.8% by weight of magnesium",8,Weight in kilograms,20950871,,,,20950871,,43483494,,,6
H5,2020,2020,2020,6,1,1,Import,392,Japan,JPN,156,China,CHN,,,,,,,,810411,"Magnesium; unwrought, containing at least 99.8% by weight of magnesium",8,Weight in kilograms,20668787,,,,20668787,,42627163,,,0
H5,2020,2020,2020,6,1,1,Import,392,Japan,JPN,376,Israel,ISR,,,,,,,,810411,"Magnesium; unwrought, containing at least 99.8% by weight of magnesium",8,Weight in kilograms,197478,,,,197478,,562557,,,6
H5,2020,2020,2020,6,1,1,Import,392,Japan,JPN,792,Turkey,TUR,,,,,,,,810411,"Magnesium; unwrought, containing at least 99.8% by weight of magnesium",8,Weight in kilograms,84606,,,,84606,,293773,,,0
H5,2020,2020,2020,6,1,1,Import,392,Japan,JPN,0,World,WLD,,,,,,,,810920,"Zirconium; unwrought, powders",8,Weight in kilograms,29400,,,,29400,,1879012,,,0
H5,2020,2020,2020,6,1,1,Import,392,Japan,JPN,156,China,CHN,,,,,,,,810920,"Zirconium; unwrought, powders",8,Weight in kilograms,5074,,,,5074,,221145,,,0
H5,2020,2020,2020,6,1,1,Import,392,Japan,JPN,251,France,FRA,,,,,,,,810920,"Zirconium; unwrought, powders",8,Weight in kilograms,23065,,,,23065,,1285274,,,0
H5,2020,2020,2020,6,1,1,Import,392,Japan,JPN,276,Germany,DEU,,,,,,,,810920,"Zirconium; unwrought, powders",8,Weight in kilograms,1231,,,,1231,,361672,,,0
H5,2020,2020,2020,6,1,1,Import,392,Japan,JPN,842,USA,USA,,,,,,,,810920,"Zirconium; unwrought, powders",8,Weight in kilograms,30,,,,30,,10921,,,0
H5,2020,2020,2020,6,1,1,Import,392,Japan,JPN,0,World,WLD,,,,,,,,811090,"Antimony and articles thereof; wrought, other than waste and scrap",8,Weight in kilograms,299,,,,299,,4421,,,6
H5,2020,2020,2020,6,1,1,Import,392,Japan,JPN,276,Germany,DEU,,,,,,,,811090,"Antimony and articles thereof; wrought, other than waste and scrap",8,Weight in kilograms,163,,,,163,,2416,,,6
H5,2020,2020,2020,6,1,1,Import,392,Japan,JPN,826,United Kingdom,GBR,,,,,,,,811090,"Antimony and articles thereof; wrought, other than waste and scrap",8,Weight in kilograms,135,,,,135,,2004,,,6
H5,2020,2020,2020,6,1,1,Import,392,Japan,JPN,0,World,WLD,,,,,,,,811212,"Beryllium and articles thereof; unwrought beryllium, powders",8,Weight in kilograms,20,,,,20,,7390,,,0
H5,2020,2020,2020,6,1,1,Import,392,Japan,JPN,842,USA,USA,,,,,,,,811212,"Beryllium and articles thereof; unwrought beryllium, powders",8,Weight in kilograms,20,,,,20,,7390,,,0
H5,2020,2020,2020,6,1,1,Import,392,Japan,JPN,0,World,WLD,,,,,,,,283692,Carbonates; strontium carbonate,8,Weight in kilograms,8356891,,,,8356891,,7434421,,,0
H5,2020,2020,2020,6,1,1,Import,392,Japan,JPN,156,China,CHN,,,,,,,,283692,Carbonates; strontium carbonate,8,Weight in kilograms,610516,,,,610516,,772631,,,0
H5,2020,2020,2020,6,1,1,Import,392,Japan,JPN,276,Germany,DEU,,,,,,,,283692,Carbonates; strontium carbonate,8,Weight in kilograms,7310400,,,,7310400,,6171383,,,0
H5,2020,2020,2020,6,1,1,Import,392,Japan,JPN,381,Italy,ITA,,,,,,,,283692,Carbonates; strontium carbonate,8,Weight in kilograms,11975,,,,11975,,95398,,,0
H5,2020,2020,2020,6,1,1,Import,392,Japan,JPN,484,Mexico,MEX,,,,,,,,283692,Carbonates; strontium carbonate,8,Weight in kilograms,40000,,,,40000,,32998,,,0
H5,2020,2020,2020,6,1,1,Import,392,Japan,JPN,724,Spain,ESP,,,,,,,,283692,Carbonates; strontium carbonate,8,Weight in kilograms,384000,,,,384000,,362009,,,0
H5,2020,2020,2020,6,1,1,Import,392,Japan,JPN,0,World,WLD,,,,,,,,720292,Ferro-alloys; ferro-vanadium,8,Weight in kilograms,2420400,,,,2420400,,45538440,,,0
H5,2020,2020,2020,6,1,1,Import,392,Japan,JPN,40,Austria,AUT,,,,,,,,720292,Ferro-alloys; ferro-vanadium,8,Weight in kilograms,388000,,,,388000,,7408185,,,0
H5,2020,2020,2020,6,1,1,Import,392,Japan,JPN,156,China,CHN,,,,,,,,720292,Ferro-alloys; ferro-vanadium,8,Weight in kilograms,844400,,,,844400,,16106647,,,0
H5,2020,2020,2020,6,1,1,Import,392,Japan,JPN,203,Czech Republic,CZE,,,,,,,,720292,Ferro-alloys; ferro-vanadium,8,Weight in kilograms,747000,,,,747000,,14325674,,,0
H5,2020,2020,2020,6,1,1,Import,392,Japan,JPN,410,South Korea,KOR,,,,,,,,720292,Ferro-alloys; ferro-vanadium,8,Weight in kilograms,181000,,,,181000,,2653236,,,0
H5,2020,2020,2020,6,1,1,Import,392,Japan,JPN,490,Other Asia,,,,,,,,,720292,Ferro-alloys; ferro-vanadium,8,Weight in kilograms,20000,,,,20000,,388872,,,0
H5,2020,2020,2020,6,1,1,Import,392,Japan,JPN,710,South Africa,ZAF,,,,,,,,720292,Ferro-alloys; ferro-vanadium,8,Weight in kilograms,240000,,,,240000,,4655822,,,0
H5,2017,2017,2017,4,0,1,Import,392,Japan,JPN,0,World,WLD,,,,,,,,2605,Cobalt ores and concentrates,8,Weight in kilograms,83,,,,83,,2202,,,6
H5,2017,2017,2017,4,0,1,Import,392,Japan,JPN,894,Zambia,ZMB,,,,,,,,2605,Cobalt ores and concentrates,8,Weight in kilograms,83,,,,83,,2202,,,6
H5,2020,2020,2020,6,1,1,Import,392,Japan,JPN,0,World,WLD,,,,,,,,271111,"Petroleum gases and other gaseous hydrocarbons; liquefied, natural gas",8,Weight in kilograms,74463881216,,,,74463881216,,30056903300,,,6
H5,2020,2020,2020,6,1,1,Import,392,Japan,JPN,36,Australia,AUS,,,,,,,,271111,"Petroleum gases and other gaseous hydrocarbons; liquefied, natural gas",8,Weight in kilograms,29102700000,,,,29102700000,,12085270950,,,0
H5,2020,2020,2020,6,1,1,Import,392,Japan,JPN,96,Brunei Darussalam,BRN,,,,,,,,271111,"Petroleum gases and other gaseous hydrocarbons; liquefied, natural gas",8,Weight in kilograms,3961670000,,,,3961670000,,1590127150,,,0
H5,2020,2020,2020,6,1,1,Import,392,Japan,JPN,360,Indonesia,IDN,,,,,,,,271111,"Petroleum gases and other gaseous hydrocarbons; liquefied, natural gas",8,Weight in kilograms,2226410000,,,,2226410000,,913458556,,,0
H5,2020,2020,2020,6,1,1,Import,392,Japan,JPN,410,South Korea,KOR,,,,,,,,271111,"Petroleum gases and other gaseous hydrocarbons; liquefied, natural gas",8,Weight in kilograms,29570000,,,,29570000,,8977277,,,0
H5,2020,2020,2020,6,1,1,Import,392,Japan,JPN,458,Malaysia,MYS,,,,,,,,271111,"Petroleum gases and other gaseous hydrocarbons; liquefied, natural gas",8,Weight in kilograms,10594500000,,,,10594500000,,3947591046,,,0
H5,2020,2020,2020,6,1,1,Import,392,Japan,JPN,512,Oman,OMN,,,,,,,,271111,"Petroleum gases and other gaseous hydrocarbons; liquefied, natural gas",8,Weight in kilograms,2449710000,,,,2449710000,,1063526258,,,0
H5,2020,2020,2020,6,1,1,Import,392,Japan,JPN,566,Nigeria,NGA,,,,,,,,271111,"Petroleum gases and other gaseous hydrocarbons; liquefied, natural gas",8,Weight in kilograms,1359130000,,,,1359130000,,483226649,,,0
H5,2020,2020,2020,6,1,1,Import,392,Japan,JPN,598,Papua New Guinea,PNG,,,,,,,,271111,"Petroleum gases and other gaseous hydrocarbons; liquefied, natural gas",8,Weight in kilograms,3419370000,,,,3419370000,,1417804308,,,0
H5,2020,2020,2020,6,1,1,Import,392,Japan,JPN,604,Peru,PER,,,,,,,,271111,"Petroleum gases and other gaseous hydrocarbons; liquefied, natural gas",8,Weight in kilograms,626668000,,,,626668000,,254846723,,,0
H5,2020,2020,2020,6,1,1,Import,392,Japan,JPN,634,Qatar,QAT,,,,,,,,271111,"Petroleum gases and other gaseous hydrocarbons; liquefied, natural gas",8,Weight in kilograms,8734430000,,,,8734430000,,3384797771,,,0
H5,2020,2020,2020,6,1,1,Import,392,Japan,JPN,643,Russia,RUS,,,,,,,,271111,"Petroleum gases and other gaseous hydrocarbons; liquefied, natural gas",8,Weight in kilograms,6140410000,,,,6140410000,,2353481493,,,0
H5,2020,2020,2020,6,1,1,Import,392,Japan,JPN,784,United Arab Emirates,ARE,,,,,,,,271111,"Petroleum gases and other gaseous hydrocarbons; liquefied, natural gas",8,Weight in kilograms,1034160000,,,,1034160000,,428750636,,,0
H5,2020,2020,2020,6,1,1,Import,392,Japan,JPN,818,Egypt,EGY,,,,,,,,271111,"Petroleum gases and other gaseous hydrocarbons; liquefied, natural gas",8,Weight in kilograms,63426000,,,,63426000,,27777353,,,0
H5,2020,2020,2020,6,1,1,Import,392,Japan,JPN,826,United Kingdom,GBR,,,,,,,,271111,"Petroleum gases and other gaseous hydrocarbons; liquefied, natural gas",8,Weight in kilograms,7216,,,,7216,,2913,,,6
H5,2020,2020,2020,6,1,1,Import,392,Japan,JPN,842,USA,USA,,,,,,,,271111,"Petroleum gases and other gaseous hydrocarbons; liquefied, natural gas",8,Weight in kilograms,4721720000,,,,4721720000,,2097264212,,,0
H5,2020,2020,2020,6,1,1,Import,392,Japan,JPN,0,World,WLD,,,,,,,,720293,Ferro-alloys; ferro-niobium,8,Weight in kilograms,4971100,,,,4971100,,120899260,,,0
H5,2020,2020,2020,6,1,1,Import,392,Japan,JPN,76,Brazil,BRA,,,,,,,,720293,Ferro-alloys; ferro-niobium,8,Weight in kilograms,4861000,,,,4861000,,117536589,,,0
H5,2020,2020,2020,6,1,1,Import,392,Japan,JPN,124,Canada,CAN,,,,,,,,720293,Ferro-alloys; ferro-niobium,8,Weight in kilograms,88000,,,,88000,,2089985,,,0
H5,2020,2020,2020,6,1,1,Import,392,Japan,JPN,156,China,CHN,,,,,,,,720293,Ferro-alloys; ferro-niobium,8,Weight in kilograms,15500,,,,15500,,1030652,,,0
H5,2020,2020,2020,6,1,1,Import,392,Japan,JPN,410,South Korea,KOR,,,,,,,,720293,Ferro-alloys; ferro-niobium,8,Weight in kilograms,4500,,,,4500,,144582,,,0
H5,2020,2020,2020,6,1,1,Import,392,Japan,JPN,643,Russia,RUS,,,,,,,,720293,Ferro-alloys; ferro-niobium,8,Weight in kilograms,2100,,,,2100,,97450,,,0
H5,2020,2020,2020,6,1,1,Import,392,Japan,JPN,0,World,WLD,,,,,,,,720260,Ferro-alloys; ferro-nickel,8,Weight in kilograms,24293930,,,,24293930,,90539313,,,0
H5,2020,2020,2020,6,1,1,Import,392,Japan,JPN,76,Brazil,BRA,,,,,,,,720260,Ferro-alloys; ferro-nickel,8,Weight in kilograms,215200,,,,215200,,779478,,,0
H5,2020,2020,2020,6,1,1,Import,392,Japan,JPN,170,Colombia,COL,,,,,,,,720260,Ferro-alloys; ferro-nickel,8,Weight in kilograms,6948990,,,,6948990,,26317963,,,0
H5,2020,2020,2020,6,1,1,Import,392,Japan,JPN,214,Dominican Republic,DOM,,,,,,,,720260,Ferro-alloys; ferro-nickel,8,Weight in kilograms,58620,,,,58620,,279339,,,0
H5,2020,2020,2020,6,1,1,Import,392,Japan,JPN,540,New Caledonia,NCL,,,,,,,,720260,Ferro-alloys; ferro-nickel,8,Weight in kilograms,17071120,,,,17071120,,63162531,,,0
H5,2020,2020,2020,6,1,1,Import,392,Japan,JPN,0,World,WLD,,,,,,,,811292,"Gallium, germanium, hafnium, indium, niobium (columbium), rhenium and vanadium; articles thereof, unwrought, including waste and scrap, powders",8,Weight in kilograms,470946,,,,470946,,62884531,,,0
H5,2020,2020,2020,6,1,1,Import,392,Japan,JPN,76,Brazil,BRA,,,,,,,,811292,"Gallium, germanium, hafnium, indium, niobium (columbium), rhenium and vanadium; articles thereof, unwrought, including waste and scrap, powders",8,Weight in kilograms,52005,,,,52005,,2753824,,,0
H5,2020,2020,2020,6,1,1,Import,392,Japan,JPN,124,Canada,CAN,,,,,,,,811292,"Gallium, germanium, hafnium, indium, niobium (columbium), rhenium and vanadium; articles thereof, unwrought, including waste and scrap, powders",8,Weight in kilograms,34362,,,,34362,,4976609,,,0
H5,2020,2020,2020,6,1,1,Import,392,Japan,JPN,156,China,CHN,,,,,,,,811292,"Gallium, germanium, hafnium, indium, niobium (columbium), rhenium and vanadium; articles thereof, unwrought, including waste and scrap, powders",8,Weight in kilograms,70273,,,,70273,,11902144,,,0
H5,2020,2020,2020,6,1,1,Import,392,Japan,JPN,233,Estonia,EST,,,,,,,,811292,"Gallium, germanium, hafnium, indium, niobium (columbium), rhenium and vanadium; articles thereof, unwrought, including waste and scrap, powders",8,Weight in kilograms,17251,,,,17251,,2031098,,,0
H5,2020,2020,2020,6,1,1,Import,392,Japan,JPN,251,France,FRA,,,,,,,,811292,"Gallium, germanium, hafnium, indium, niobium (columbium), rhenium and vanadium; articles thereof, unwrought, including waste and scrap, powders",8,Weight in kilograms,726,,,,726,,591565,,,0
H5,2020,2020,2020,6,1,1,Import,392,Japan,JPN,276,Germany,DEU,,,,,,,,811292,"Gallium, germanium, hafnium, indium, niobium (columbium), rhenium and vanadium; articles thereof, unwrought, including waste and scrap, powders",8,Weight in kilograms,67363,,,,67363,,3723856,,,0
H5,2020,2020,2020,6,1,1,Import,392,Japan,JPN,410,South Korea,KOR,,,,,,,,811292,"Gallium, germanium, hafnium, indium, niobium (columbium), rhenium and vanadium; articles thereof, unwrought, including waste and scrap, powders",8,Weight in kilograms,119034,,,,119034,,24531876,,,0
H5,2020,2020,2020,6,1,1,Import,392,Japan,JPN,484,Mexico,MEX,,,,,,,,811292,"Gallium, germanium, hafnium, indium, niobium (columbium), rhenium and vanadium; articles thereof, unwrought, including waste and scrap, powders",8,Weight in kilograms,72,,,,72,,2538,,,0
H5,2020,2020,2020,6,1,1,Import,392,Japan,JPN,490,Other Asia,,,,,,,,,811292,"Gallium, germanium, hafnium, indium, niobium (columbium), rhenium and vanadium; articles thereof, unwrought, including waste and scrap, powders",8,Weight in kilograms,39746,,,,39746,,6347372,,,0
H5,2020,2020,2020,6,1,1,Import,392,Japan,JPN,528,Netherlands,NLD,,,,,,,,811292,"Gallium, germanium, hafnium, indium, niobium (columbium), rhenium and vanadium; articles thereof, unwrought, including waste and scrap, powders",8,Weight in kilograms,20,,,,20,,1920,,,0
H5,2020,2020,2020,6,1,1,Import,392,Japan,JPN,616,Poland,POL,,,,,,,,811292,"Gallium, germanium, hafnium, indium, niobium (columbium), rhenium and vanadium; articles thereof, unwrought, including waste and scrap, powders",8,Weight in kilograms,400,,,,400,,370916,,,0
H5,2020,2020,2020,6,1,1,Import,392,Japan,JPN,643,Russia,RUS,,,,,,,,811292,"Gallium, germanium, hafnium, indium, niobium (columbium), rhenium and vanadium; articles thereof, unwrought, including waste and scrap, powders",8,Weight in kilograms,5300,,,,5300,,530598,,,0
H5,2020,2020,2020,6,1,1,Import,392,Japan,JPN,826,United Kingdom,GBR,,,,,,,,811292,"Gallium, germanium, hafnium, indium, niobium (columbium), rhenium and vanadium; articles thereof, unwrought, including waste and scrap, powders",8,Weight in kilograms,970,,,,970,,118534,,,0
H5,2020,2020,2020,6,1,1,Import,392,Japan,JPN,842,USA,USA,,,,,,,,811292,"Gallium, germanium, hafnium, indium, niobium (columbium), rhenium and vanadium; articles thereof, unwrought, including waste and scrap, powders",8,Weight in kilograms,63424,,,,63424,,4906500,,,0